<?xml version="1.0" encoding="utf-8" ?>
<dwsync>
<file name="jquery-2.1.1.min.js" server="192.168.130.62//app/ws_hwb/htdocs/mr/" local="130507501301306069" remote="130507277400000000" Dst="0" />
<file name="design.js" server="192.168.130.62//app/ws_hwb/htdocs/mr/" local="130507501301006064" remote="130507277400000000" Dst="0" />
<file name="jquery.selectbox-0.6.1.js" server="192.168.130.62//app/ws_hwb/htdocs/mr/" local="130507501301181067" remote="130507277400000000" Dst="0" />
<file name="jquery-2.1.1.min.js" server="192.168.130.62//app/ws_hwb/htdocs/mr/kpin/" local="130507277400000000" remote="130513322400000000" Dst="0" />
<file name="design.js" server="192.168.130.62//app/ws_hwb/htdocs/mr/kpin2/" local="130511914926140575" remote="130512558600000000" Dst="0" />
<file name="jquery.selectbox-0.6.1.js" server="192.168.130.62//app/ws_hwb/htdocs/mr/kpin2/" local="130507501301181067" remote="130510741800000000" Dst="0" />
<file name="jquery-2.1.1.min.js" server="192.168.130.62//app/ws_hwb/htdocs/mr/kpin2/" local="130507277400000000" remote="130510741800000000" Dst="0" />
<file name="design.js" server="192.168.130.62//app/ws_hwb/htdocs/mr/kpin/" local="130516079780000000" remote="130531666800000000" Dst="0" />
<file name="jquery.selectbox-0.6.1.js" server="192.168.130.62//app/ws_hwb/htdocs/mr/kpin/" local="130507501300000000" remote="130513322400000000" Dst="0" />
</dwsync>