[
{
    "polygonGraphHeightPer" : [ "30", "70", "50", "80" ],
    "percentTextAry" : [ "8.45%", "78.74%", "35.25%", "70.12%", "80.67%", "33.33%" ],
    "graphColorAry" : [ "rgba(69, 163, 229, 0.8)", "rgba(170, 212, 242, 0.8)", "rgba(69, 163, 100, 0.8)", "rgba(150, 100, 229, 0.8)", "rgba(200, 70, 80, 0.8)", "rgba(150, 100, 100, 0.8)" ],
    "leftMarginAry" : [ "0", "0", "0", "0", "0", "0" ],
    "listAry" : [ "전체<br>평균", "저축은행<br>신용대출", "은행", "카드", "할부금융", "보험" ],
    "isListResize" : "N",
    "minDeviceWidth" : "480"
},
{
    "list": [ 
	[ "50", "대출가능지수", "보통", [ "매우낮음" , "낮음", "보통", "높음", "매우높음", "더높음" ] ], 
	[ "90", "맞춤이자율", "90%", [ "매우낮음", "매우높음" ] ], 
	[ "100", "테스트타이틀", "테스트타이틀값", [ "매우낮음" , "낮음", "보통", "보통이상" ] ],
	[ "10", "TESTEST", "ABCD", [ "매우낮음" , "낮음", "보통", "보통이상", "그이상" ] ],
	[ "30", "추가그래프", "@#$$^#&", [ "AAAA" , "NNNN", "WWWW" ] ]
    ]
}
]