<?xml version="1.0" encoding="utf-8" ?>
<dwsync>
<file name="html5shiv.js" server="192.168.130.62//app/ws_hwb/htdocs/mr/" local="130373543140135212" remote="130173372000000000" Dst="0" />
<file name="jquery-1.9.1.js" server="192.168.130.62//app/ws_hwb/htdocs/mr/" local="130373543140585238" remote="130173372000000000" Dst="0" />
<file name="jquery-ui-1.10.1.custom.min.js" server="192.168.130.62//app/ws_hwb/htdocs/mr/" local="130373543140665242" remote="130173372000000000" Dst="0" />
<file name="jquery-1.9.1.js" server="192.168.130.62//app/ws_hwb/htdocs/mr/ipin/" local="130517568600000000" remote="130517568600000000" Dst="0" />
<file name="jquery-ui-1.10.1.custom.min.js" server="192.168.130.62//app/ws_hwb/htdocs/mr/ipin/" local="130517568600000000" remote="130517568600000000" Dst="0" />
<file name="device.js" server="192.168.130.62//app/ws_hwb/htdocs/mr/ipin/" local="130517568600000000" remote="130517568600000000" Dst="0" />
<file name="modernizr.js" server="192.168.130.62//app/ws_hwb/htdocs/mr/ipin/" local="130517568600000000" remote="130517568600000000" Dst="0" />
<file name="icheck.min.js" server="192.168.130.62//app/ws_hwb/htdocs/mr/ipin/" local="130517568600000000" remote="130517568600000000" Dst="0" />
<file name="html5shiv.js" server="192.168.130.62//app/ws_hwb/htdocs/mr/ipin/" local="130536778394536002" remote="130517568600000000" Dst="0" />
</dwsync>